{"t2": [[8.254550259717755], [411.3413967260966], [1820.2151418816438]], "t1": [[-109.86632587791041], [-144.7339481385544], [1383.8325321035545]], "r1": [[0.8881415848995287, 0.09586329574003617, -0.44946051406326193], [-0.07908594129275241, 0.995293282433241, 0.05600621245097822], [0.4527139704736233, -0.014195438461814057, 0.8915427922791391]], "chess_points2": [[339.69744873046875, 341.4102783203125], [320.9317321777344, 343.5097961425781], [300.6947326660156, 344.72918701171875], [281.6748962402344, 345.8166809082031], [262.4144287109375, 346.8817443847656], [243.60939025878906, 347.6678466796875], [225.38693237304688, 347.7196044921875], [207.23895263671875, 348.4762268066406], [189.70947265625, 348.61328125], [338.8637390136719, 324.2525329589844], [319.44598388671875, 325.46527099609375], [299.4643859863281, 327.2947998046875], [280.0928955078125, 328.14263916015625], [260.5726623535156, 328.8734436035156], [241.1031494140625, 330.3506774902344], [222.29083251953125, 331.1328430175781], [203.4485626220703, 331.6949768066406], [186.0832977294922, 331.9663391113281], [337.50738525390625, 305.6090087890625], [317.6107177734375, 307.4610595703125], [297.5830078125, 309.3529968261719], [278.1950378417969, 310.2626953125], [257.48992919921875, 311.65234375], [238.45211791992188, 312.3623046875], [219.55624389648438, 313.5164489746094], [200.97415161132812, 314.2985534667969], [182.57870483398438, 314.981201171875], [336.3062744140625, 286.5377197265625], [316.4672546386719, 288.4999084472656], [295.52947998046875, 289.5193786621094], [275.6134338378906, 291.45269775390625], [256.26275634765625, 292.55633544921875], [236.12567138671875, 293.95166015625], [216.70184326171875, 294.6610107421875], [198.36412048339844, 296.0887756347656], [180.34112548828125, 296.4021911621094], [335.3089904785156, 267.15533447265625], [314.3957824707031, 268.6600036621094], [294.31292724609375, 270.49114990234375], [274.12860107421875, 272.228271484375], [253.43572998046875, 273.6529235839844], [234.05262756347656, 274.6986389160156], [214.45944213867188, 276.4166564941406], [195.52796936035156, 277.4898986816406], [177.45794677734375, 277.6266174316406], [333.4585876464844, 247.47496032714844], [312.7899475097656, 248.81332397460938], [292.29559326171875, 250.67233276367188], [271.7334899902344, 252.098388671875], [251.3413543701172, 253.5915985107422], [231.4199981689453, 255.48489379882812], [212.34617614746094, 256.5455017089844], [192.54061889648438, 258.41278076171875], [174.99765014648438, 259.06927490234375]], "world_points": [[0.0, 0.0, 0.0], [74.0, 0.0, 0.0], [148.0, 0.0, 0.0], [222.0, 0.0, 0.0], [296.0, 0.0, 0.0], [370.0, 0.0, 0.0], [444.0, 0.0, 0.0], [518.0, 0.0, 0.0], [592.0, 0.0, 0.0], [0.0, 74.0, 0.0], [74.0, 74.0, 0.0], [148.0, 74.0, 0.0], [222.0, 74.0, 0.0], [296.0, 74.0, 0.0], [370.0, 74.0, 0.0], [444.0, 74.0, 0.0], [518.0, 74.0, 0.0], [592.0, 74.0, 0.0], [0.0, 148.0, 0.0], [74.0, 148.0, 0.0], [148.0, 148.0, 0.0], [222.0, 148.0, 0.0], [296.0, 148.0, 0.0], [370.0, 148.0, 0.0], [444.0, 148.0, 0.0], [518.0, 148.0, 0.0], [592.0, 148.0, 0.0], [0.0, 222.0, 0.0], [74.0, 222.0, 0.0], [148.0, 222.0, 0.0], [222.0, 222.0, 0.0], [296.0, 222.0, 0.0], [370.0, 222.0, 0.0], [444.0, 222.0, 0.0], [518.0, 222.0, 0.0], [592.0, 222.0, 0.0], [0.0, 296.0, 0.0], [74.0, 296.0, 0.0], [148.0, 296.0, 0.0], [222.0, 296.0, 0.0], [296.0, 296.0, 0.0], [370.0, 296.0, 0.0], [444.0, 296.0, 0.0], [518.0, 296.0, 0.0], [592.0, 296.0, 0.0], [0.0, 370.0, 0.0], [74.0, 370.0, 0.0], [148.0, 370.0, 0.0], [222.0, 370.0, 0.0], [296.0, 370.0, 0.0], [370.0, 370.0, 0.0], [444.0, 370.0, 0.0], [518.0, 370.0, 0.0], [592.0, 370.0, 0.0]], "inner_calibration1": [[479, 0, 303], [0, 383, 217], [0, 0, 1]], "inner_calibration2": [[479, 0, 338], [0, 481, 234], [0, 0, 1]], "r2": [[-0.9957613004611184, -0.07900986284080853, 0.04708369227087857], [0.0656532455309214, -0.9691059764635895, -0.23774620445720926], [0.06441338257876787, -0.2336472725208433, 0.9701854813324781]], "chess_points1": [[270.9375, 180.07760620117188], [290.71112060546875, 178.196044921875], [310.4565124511719, 176.43649291992188], [329.69122314453125, 174.6128387451172], [349.5450439453125, 173.4920654296875], [368.3053894042969, 172.1404571533203], [387.42254638671875, 171.27938842773438], [405.5510559082031, 170.08978271484375], [423.4601745605469, 169.3333740234375], [272.5727233886719, 198.62991333007812], [292.4855041503906, 196.38771057128906], [311.79150390625, 194.56417846679688], [331.7947998046875, 193.49342346191406], [351.7453308105469, 192.32513427734375], [370.69647216796875, 190.5865020751953], [389.9886474609375, 188.9088134765625], [408.4842224121094, 188.1499786376953], [426.0960693359375, 186.52589416503906], [273.66033935546875, 217.6536865234375], [293.5843811035156, 215.52870178222656], [314.2508239746094, 214.1116943359375], [334.150390625, 212.67213439941406], [354.2959899902344, 210.5743865966797], [373.5889892578125, 209.4581756591797], [392.48956298828125, 208.34902954101562], [411.6571350097656, 206.104248046875], [429.5871276855469, 205.2691192626953], [275.4206237792969, 237.4659423828125], [295.55810546875, 235.518798828125], [315.530517578125, 233.5553741455078], [336.1758117675781, 232.07949829101562], [356.3436584472656, 230.59500122070312], [376.250244140625, 228.5981903076172], [395.23187255859375, 227.19493103027344], [414.2662048339844, 224.90989685058594], [432.0085144042969, 223.82908630371094], [277.0972595214844, 257.3046569824219], [297.5357360839844, 255.5547332763672], [317.9554138183594, 253.76747131347656], [337.9666442871094, 251.90878295898438], [358.4634704589844, 250.25222778320312], [378.50140380859375, 248.495849609375], [397.8049621582031, 246.59657287597656], [416.4762268066406, 244.3952178955078], [434.8491516113281, 242.7346954345703], [278.906982421875, 277.67999267578125], [299.3663024902344, 275.61944580078125], [319.83721923828125, 273.8804931640625], [340.3593444824219, 272.208984375], [360.69921875, 270.2732849121094], [380.49127197265625, 268.4131164550781], [400.40374755859375, 266.5224609375], [419.38336181640625, 263.74688720703125], [437.2793884277344, 262.2972106933594]]}